<?xml version="1.0" encoding="UTF-8"?>
<project-private xmlns="http://www.netbeans.org/ns/project-private/1">
    <editor-bookmarks xmlns="http://www.netbeans.org/ns/editor-bookmarks/2" lastBookmarkId="0"/>
    <open-files xmlns="http://www.netbeans.org/ns/projectui-open-files/2">
        <group>
            <file>file:/C:/Users/ga113/OneDrive/Área%20de%20Trabalho/Projetos/estudos/AtividadeSemana04/src/atividadesemana04/main.java</file>
            <file>file:/C:/Users/ga113/OneDrive/Área%20de%20Trabalho/Projetos/estudos/AtividadeSemana04/src/atividadesemana04/ExerciciosRevisaL.java</file>
            <file>file:/C:/Users/ga113/OneDrive/Área%20de%20Trabalho/Projetos/estudos/AtividadeSemana04/src/atividadesemana04/ExerciciosRevisaA.java</file>
        </group>
    </open-files>
</project-private>
